{
  "version": 2,
  "data": {
    "aroma1997sdimension:miningbiome": "PLAINS",
    "beneath:the_beneath": "PLAINS",
    "minecraft:beaches": "SHORE",
    "minecraft:birch_forest": "BIRCH",
    "minecraft:birch_forest_hills": "BIRCH_HILLS",
    "minecraft:cold_beach": "SHORE",
    "minecraft:deep_ocean": "WATER",
    "minecraft:desert": "DESERT",
    "minecraft:desert_hills": "DESERT_HILLS",
    "minecraft:extreme_hills": "MOUNTAINS",
    "minecraft:extreme_hills_with_trees": "MOUNTAINS_ALL",
    "minecraft:forest": "FOREST",
    "minecraft:forest_hills": "FOREST_HILLS",
    "minecraft:frozen_ocean": "ICE",
    "minecraft:frozen_river": "ICE",
    "minecraft:hell": "CAVE_WALLS",
    "minecraft:ice_flats": "SNOW",
    "minecraft:ice_mountains": "SNOW_HILLS",
    "minecraft:jungle": "JUNGLE",
    "minecraft:jungle_edge": "JUNGLE_EDGE",
    "minecraft:jungle_hills": "JUNGLE_HILLS",
    "minecraft:mesa": "MESA",
    "minecraft:mesa_clear_rock": "PLATEAU_MESA",
    "minecraft:mesa_rock": "PLATEAU_MESA_TREES",
    "minecraft:mushroom_island": "MUSHROOM",
    "minecraft:mushroom_island_shore": "SHORE",
    "minecraft:mutated_birch_forest": "TALL_BIRCH",
    "minecraft:mutated_birch_forest_hills": "TALL_BIRCH_HILLS",
    "minecraft:mutated_desert": "DESERT",
    "minecraft:mutated_extreme_hills": "MOUNTAINS_SNOW_CAPS",
    "minecraft:mutated_extreme_hills_with_trees": "MOUNTAINS_SNOW_CAPS",
    "minecraft:mutated_forest": "FOREST_FLOWERS",
    "minecraft:mutated_ice_flats": "ICE_SPIKES",
    "minecraft:mutated_jungle": "JUNGLE_CLIFFS",
    "minecraft:mutated_jungle_edge": "JUNGLE_EDGE_HILLS",
    "minecraft:mutated_mesa": "BRYCE",
    "minecraft:mutated_mesa_clear_rock": "PLATEAU_MESA_LOW",
    "minecraft:mutated_mesa_rock": "PLATEAU_MESA_TREES_LOW",
    "minecraft:mutated_plains": "SUNFLOWERS",
    "minecraft:mutated_redwood_taiga": "MEGA_SPRUCE",
    "minecraft:mutated_redwood_taiga_hills": "MEGA_SPRUCE_HILLS",
    "minecraft:mutated_roofed_forest": "DENSE_FOREST_HILLS",
    "minecraft:mutated_savanna": "SAVANNA_CLIFFS",
    "minecraft:mutated_savanna_rock": "PLATEAU_SAVANNA_M",
    "minecraft:mutated_swampland": "SWAMP_HILLS",
    "minecraft:mutated_taiga": "PINES_HILLS",
    "minecraft:mutated_taiga_cold": "SNOW_PINES_HILLS",
    "minecraft:ocean": "WATER",
    "minecraft:plains": "PLAINS",
    "minecraft:redwood_taiga": "MEGA_TAIGA",
    "minecraft:redwood_taiga_hills": "MEGA_TAIGA_HILLS",
    "minecraft:river": "WATER",
    "minecraft:roofed_forest": "DENSE_FOREST",
    "minecraft:savanna": "SAVANNA",
    "minecraft:savanna_rock": "PLATEAU_SAVANNA",
    "minecraft:sky": "SHORE",
    "minecraft:smaller_extreme_hills": "MOUNTAINS",
    "minecraft:stone_beach": "ROCK_SHORE",
    "minecraft:swampland": "SWAMP",
    "minecraft:taiga": "PINES",
    "minecraft:taiga_cold": "SNOW_PINES",
    "minecraft:taiga_cold_hills": "SNOW_PINES_HILLS",
    "minecraft:taiga_hills": "PINES_HILLS",
    "minecraft:void": "END_VOID",
    "nt:aegean_archipelago": "WATER",
    "nt:alium_meadow": "PLAINS",
    "nt:alps": "PINES_HILLS",
    "nt:autumn_forest": "FOREST",
    "nt:autumn_forest_hills": "FOREST",
    "nt:autumn_taiga": "PINES",
    "nt:autumn_taiga_hills": "PINES",
    "nt:birch_hills": "HILLS",
    "nt:black_beach": "WATER",
    "nt:blossom_forest": "FOREST",
    "nt:blossom_forest_hills": "FOREST",
    "nt:blue_taiga": "PINES",
    "nt:blue_taiga_hills": "PINES",
    "nt:brown_beach": "WATER",
    "nt:clayland": "SAVANNA",
    "nt:cliffs": "PINES_HILLS",
    "nt:cold_birch_forest": "SNOW_PINES",
    "nt:cold_birch_forest_hills": "SNOW_PINES",
    "nt:cold_blue_taiga": "PINES",
    "nt:cold_blue_taiga_hills": "PINES",
    "nt:cold_desert": "PLAINS",
    "nt:cold_flower_forest": "SNOW_PINES",
    "nt:cold_flower_forest_hills": "SNOW_PINES",
    "nt:cold_forest": "SNOW_PINES",
    "nt:cold_forest_hills": "SNOW_PINES",
    "nt:cold_mega_blue_taiga": "PINES",
    "nt:cold_mega_blue_taiga_hills": "PINES",
    "nt:cold_mega_spruce_taiga": "PINES",
    "nt:cold_mega_spruce_taiga_hills": "PINES",
    "nt:cold_mega_taiga": "PINES",
    "nt:cold_mega_taiga_hills": "PINES",
    "nt:cold_roofed_forest": "SNOW_PINES",
    "nt:cold_roofed_forest_hills": "SNOW_PINES",
    "nt:estuary": "SWAMP",
    "nt:fen": "SWAMP",
    "nt:fungal_jungle": "JUNGLE",
    "nt:fungal_jungle_hills": "JUNGLE",
    "nt:glacier": "PLAINS",
    "nt:grass_hills": "PLAINS",
    "nt:green_mixed_forest": "FOREST",
    "nt:green_mixed_forest_hills": "FOREST",
    "nt:green_swamp": "SWAMP",
    "nt:heath": "SAVANNA",
    "nt:highland": "HILLS",
    "nt:hills": "HILLS",
    "nt:hotspring": "PLAINS",
    "nt:icy_tundra": "PLAINS",
    "nt:iron_beach": "WATER",
    "nt:lake": "WATER",
    "nt:lowland": "PINES",
    "nt:lush_desert": "JUNGLE",
    "nt:maple_forest": "PINES",
    "nt:maple_forest_hills": "PINES",
    "nt:meadow": "PLAINS",
    "nt:mega_autumn_taiga": "PINES",
    "nt:mega_autumn_taiga_hills": "PINES",
    "nt:mega_blue_taiga": "PINES",
    "nt:mega_blue_taiga_hills": "PINES",
    "nt:mega_maple_forest": "PINES",
    "nt:mega_maple_forest_hills": "PINES",
    "nt:mixed_forest": "FOREST",
    "nt:mixed_forest_hills": "FOREST",
    "nt:monsoon_forest": "JUNGLE",
    "nt:moorland": "HILLS",
    "nt:mountains": "MOUNTAINS_NAKED",
    "nt:oak_forest": "FOREST",
    "nt:oak_forest_hills": "FOREST",
    "nt:olivine_beach": "WATER",
    "nt:orange_beach": "WATER",
    "nt:pineland": "PINES_HILLS",
    "nt:pink_beach": "WATER",
    "nt:poppy_meadow": "PLAINS",
    "nt:purple_beach": "WATER",
    "nt:red_sand_dune": "PLAINS",
    "nt:rockland": "SAVANNA",
    "nt:rocky_taiga": "PINES",
    "nt:royal_forest": "FOREST",
    "nt:royal_forest_hills": "FOREST",
    "nt:sahel": "PLAINS",
    "nt:sand_dune": "PLAINS",
    "nt:sandy_mountains": "MOUNTAINS_NAKED",
    "nt:scrubland": "SAVANNA",
    "nt:shrubland": "PINES",
    "nt:snowdune": "PLAINS",
    "nt:stone_fields": "PLAINS",
    "nt:stone_mountains": "MOUNTAINS_NAKED",
    "nt:tall_oak_forest": "FOREST",
    "nt:tall_oak_forest_hills": "FOREST",
    "nt:tropical_desert": "JUNGLE",
    "nt:tundra": "PLAINS",
    "nt:white_beach": "WATER",
    "nt:white_orchard": "PLAINS"
  }
}